﻿<dict>
	<key>noon</key> 
    <string>什么都没有</string>
    <key>fl0</key>
    <string>角色动作</string>
    <key>fl1</key>
    <string>动作格斗</string>
    <key>fl2</key>
    <string>枪战射击</string>
    <key>fl3</key>
    <string>战略策略</string>
    <key>fl4</key>
    <string>休闲益智</string>
    <key>fl5</key>
    <string>竞技竞速</string>
	<key>year</key> 
    <string>年</string>
	<key>month</key> 
    <string>月</string>
	<key>day</key> 
    <string>日</string>
	<key>xq7</key> 
    <string>星期日</string>
	<key>xq1</key> 
    <string>星期一</string>
	<key>xq2</key> 
    <string>星期二</string>
	<key>xq3</key> 
    <string>星期三</string>
	<key>xq4</key> 
    <string>星期四</string>
	<key>xq5</key> 
    <string>星期五</string>
	<key>xq6</key> 
    <string>星期六</string>
	<key>total</key> 
    <string>共</string>
	<key>kuan</key> 
    <string>款</string>
	<key>score</key> 
    <string>分</string>
	<key>ci</key> 
    <string>次</string>
	<key>deleteAppFromList</key> 
    <string>是否将APP从列表中移除？</string>
	<key>AddAPP</key> 
    <string>手动选择已安装的游戏到我的游戏列表</string>
	<key>reCheck</key> 
    <string>更新出错，请重试！</string>
	<key>todo</key> 
    <string>功能开发中。。。</string>
	<key>netError</key> 
    <string>连接失败，请检查网络设置</string>
	<key>encode</key> 
    <string>扫描二维码下载游戏</string>
	<key>yy00</key> 
    <string>中文</string>
	<key>yy01</key> 
    <string>英文</string>
	<key>ly00</key> 
    <string>百度手机助手</string>
	<key>ly01</key> 
    <string>91助手</string>
	<key>ly02</key> 
    <string>应用宝</string>
	<key>ly03</key> 
    <string>拇指玩</string>
	<key>ly04</key> 
    <string>360</string>
	<key>ly05</key> 
    <string>历趣网</string>
	<key>ly06</key> 
    <string>小米市场</string>
	<key>ly07</key> 
    <string>机锋网</string>
	<key>ly08</key> 
    <string>西西安卓游戏</string>
	<key>ly09</key> 
    <string>其他</string>
	<key>ly10</key> 
    <string>当乐网</string>
	<key>ly11</key> 
    <string>木蚂蚁应用市场</string>
	<key>ly12</key> 
    <string>来源未知</string>
	<key>wl00</key> 
    <string>单机</string>
	<key>wl01</key> 
    <string>弱联网</string>
	<key>wl02</key> 
    <string>强联网</string>
	<key>wl03</key> 
    <string>网游</string>
	<key>ms00</key> 
    <string>单人</string>
	<key>ms01</key> 
    <string>双人</string>
	<key>ms02</key> 
    <string>多人</string>
	<key>ty00</key> 
    <string>好</string>
	<key>ty01</key> 
    <string>一般</string>
	<key>ty02</key> 
    <string>差</string>
	<key>sb00</key> 
    <string>手柄</string>
	<key>sb01</key> 
    <string>遥控器</string>
	<key>sb02</key> 
    <string>触摸</string>
	<key>sb03</key> 
    <string>体感摄像头</string>
	<key>stop</key> 
    <string>暂停</string>
	<key>start</key> 
    <string>开始</string>
	<key>continue</key> 
    <string>继续</string>
	<key>Open</key> 
    <string>启动</string>
	<key>download</key> 
    <string>下载</string>
</dict> 