[
  {
    "name": "90经典坦克大战",
    "ID": 100009,
    "fileName": "tank_sd",
    "type": "fl4",
    "summary": "经典90坦克大战带你一起回忆童年fc时代美好时光，消灭敌对坦克，保护你的领地，防止敌方冲破你的老窝。",
    "icon": "tank_sd_icon.png",
    "screenhot": "0.png;1.png;2.png;3.png;",
    "priority": 1,
    "score": 8.2,
    "size": 9.28,
    "language": "yy00;",
    "starNum": 4,
    "downloadNum": 6705,
    "fromAndress": "ly12",
    "downloadURL": "http://www.muzhiwan.com/index.php?action=common&opt=downloadstat&vid=89214",
    "Network": "wl00",
    "Model": "ms00;",
    "OperationModel": "sb00;sb01;",
    "OpeartionExperience": "ty00",
    "informationNum": 1,
    "Version": "v1.0.0",
    "platform": "Android",
    "manufacturer": "CronlyGames Inc.",
    "package": "com.cronlygames.tank.sd",
    "publisher": "",
    "time": "2014/12/1",
    "newAdd": 0,
    "hot": 0
  },
  {
    "name": "虚幻战士",
    "ID": 100001,
    "fileName": "unreal_fighter",
    "type": "fl1",
    "summary": "《虚幻战士》是一款格斗类游戏，你将沉浸在令人难以置信的环境中，你的任务就是打倒一个个的对手，游戏拥有强大的格斗游戏，加上逼真的打击效果，让你有种置身其中的感觉，游戏操作简单，可玩性高。",
    "icon": "unreal_fighter_icon.png",
    "screenhot": "0.png;1.png;2.png;3.png;4.png;5.png;",
    "priority": 1,
    "score": 7.5,
    "size": 14.9,
    "language": "yy01;",
    "starNum": 4,
    "downloadNum": 3924,
    "fromAndress": "ly03",
    "downloadURL": "http://www.muzhiwan.com/index.php?action=common&opt=downloadstat&type=1&vid",
    "Network": "wl00",
    "Model": "ms00;ms02;",
    "OperationModel": "sb02;",
    "OpeartionExperience": "ty00",
    "informationNum": 5,
    "Version": "v1.011a",
    "platform": "Android",
    "manufacturer": "Chillingo",
    "package": "com.flyclod.unreal.fighter",
    "publisher": "",
    "time": "2014/10/6",
    "newAdd": 0,
    "hot": 0
  },
  {
    "name": "NBA2K14",
    "ID": 100002,
    "fileName": "nba2k14",
    "type": "fl5",
    "summary": "NBA模拟游戏NBA 2K14安卓平台版",
    "icon": "icon_0002.png",
    "screenhot": "0.png;1.png;2.png;3.png;4.png;5.png;6.png;7.png;8.png;",
    "priority": 1,
    "score": 8.2,
    "size": 773.88,
    "language": "yy01;",
    "starNum": 4,
    "downloadNum": 7410000,
    "fromAndress": "ly00",
    "downloadURL": "http://resget.91.com/Soft/Controller.ashx?action=download&tpl=1&id=40480820",
    "Network": "wl00",
    "Model": "ms00;",
    "OperationModel": "sb00;",
    "OpeartionExperience": "ty00",
    "informationNum": 7,
    "Version": "v1.30",
    "platform": "Android",
    "manufacturer": "Visual Concepts",
    "package": "com.t2ksports.nba2k14android",
    "publisher": "2K Games",
    "time": "2014/2/12",
    "newAdd": 0,
    "hot": 0
  },
  {
    "name": "火柴人足球",
    "ID": 100038,
    "fileName": "stickmanscoccer",
    "type": "fl5",
    "summary": "《火柴人足球》是一款以火柴人为主要人物的足球体育竞技游戏。共有快速游戏、季度赛和人才培养三种游戏模式，你还可以选择11人赛或4人赛。《火柴人足球》是一款以火柴人为主要人物的足球体育竞技游戏。共有快速游戏、季度赛和人才培养三种游戏模式，你还可以选择11人赛或4人赛。《火柴人足球》是一款以火柴人为主要人物的足球体育竞技游戏。共有快速游戏、季度赛和人才培养三种游戏模式，你还可以选择11人赛或4人赛。《火柴人足球》是一款以火柴人为主要人物的足球体育竞技游戏。共有快速游戏、季度赛和人才培养三种游戏模式，你还可以选择11人赛或4人赛。《火柴人足球》是一款以火柴人为主要人物的足球体育竞技游戏。共有快速游戏、季度赛和人才培养三种游戏模式，你还可以选择11人赛或4人赛。",
    "icon": "stickmanscoccer_icon.png",
    "screenhot": "0.png;1.png;2.png;3.png;4.png;5.png;6.png;",
    "priority": 1,
    "score": 9.2,
    "size": 21.42,
    "language": "yy01;",
    "starNum": 5,
    "downloadNum": 29400,
    "fromAndress": "ly03",
    "downloadURL": "http://www.muzhiwan.com/index.php?action=common&opt=downloadstat&vid=100270",
    "Network": "wl00",
    "Model": "ms00;",
    "OperationModel": "sb00;",
    "OpeartionExperience": "ty00",
    "informationNum": 4,
    "Version": "v2.4",
    "platform": "Android",
    "manufacturer": "Djinnworks e.U.",
    "package": "com.djinnworks.StickmanSoccer",
    "publisher": "",
    "time": "2014/8/28",
    "newAdd": 0,
    "hot": 0
  },
  {
    "name": "Skyriders",
    "ID": 100003,
    "fileName": "skyriders",
    "type": "fl5",
    "summary": "《云霄赛车完整版 Skyriders Complete》是以3D宇宙空间为场景的赛车游戏。整个画面营造出的无边无际的延伸感，充分体现到了宇宙的浩瀚无穷。游戏中被操控的是一辆圆润可爱的悬浮式赛车，除了要在空间跑道上尽可能快的奔驰以外，还要避开各种障碍，并且要收集红黄两色的星星，玩家可利用跑道上的加速板加速。另外，游戏还添加了赛车跳跃的设计，可以避开一些阻挡前行的障碍，游戏运行非常流畅，让你感受急速驾驶的激情体验！",
    "icon": "skyriders_icon.png",
    "screenhot": "0.png;1.png;2.png;3.png;4.png;",
    "priority": 1,
    "score": 7.5,
    "size": 37.37,
    "language": "yy01;",
    "starNum": 2,
    "downloadNum": 0,
    "fromAndress": "ly03",
    "downloadURL": "http://www.muzhiwan.com/index.php?action=common&opt=downloadstat&vid=78617",
    "Network": "wl00",
    "Model": "ms00;",
    "OperationModel": "sb00;",
    "OpeartionExperience": "ty00",
    "informationNum": 6,
    "Version": "v1.1.0",
    "platform": "Android",
    "manufacturer": "Inverse Blue ",
    "package": "com.inverse.skyriders",
    "publisher": "",
    "time": "2013/5/8",
    "newAdd": 0,
    "hot": 0
  },
  {
    "name": "Beach Buggy Blitz",
    "ID": 100005,
    "fileName": "Beach_Buggy_Blitz",
    "type": "fl5",
    "summary": "该游戏拥有史诗般的家室体验，驾驶这火爆的沙滩车，你可以到达未知的深处，一个神秘的热带岛屿。",
    "icon": "Beach_icon.png",
    "screenhot": "0.png;1.png;2.png;3.png;4.png;",
    "priority": 1,
    "score": 8.5,
    "size": 46.8,
    "language": "yy01;",
    "starNum": 3,
    "downloadNum": 1150000,
    "fromAndress": "ly00",
    "downloadURL": "http://117.27.147.12:8080/68/13/92/muzhiwan/0/2014/06/16/com.vectorunit.yellow_539e6407e1bfa.apk?crypt=55aa7f2e98550&b=1314&nlh=3072&nlt=45&bf=6000&p2p=1&video_type=apk&termid=0&tss=no&geo=CN-13-171-1&tm=1426243800&key=8474685740fdcef0d71bb9cb261c5832&platid=0&splatid=0&its=0&keyitem=platid,splatid,its&ntm=1426243800&nkey=8474685740fdcef0d71bb9cb261c5832&proxy=1964358284,2002892214&errc=0&gn=870&buss=62&qos=2&cips=110.80.5.162&lersrc=&tag=muzhiwan&cuhost=letv.cdn.muzhiwan.com&sign=coopdown&fext=.apk",
    "Network": "wl00",
    "Model": "ms00;",
    "OperationModel": "sb00;",
    "OpeartionExperience": "ty01",
    "informationNum": 0,
    "Version": "v1.3.12",
    "platform": "Android",
    "manufacturer": "Vector Unit Inc ",
    "package": "com.vectorunit.yellow",
    "publisher": "",
    "time": "41193",
    "newAdd": 0,
    "hot": 0
  },
  {
    "name": "bike racing",
    "ID": 100011,
    "fileName": "bike_racing",
    "type": "fl5",
    "summary": "摩托竞技是最棒最疯狂的技巧摩托车游戏！努力驾驭你的爱车征服各种困难重重的赛道，并享受真实物理引擎以及刺激畅快的游戏体验。易于上手、难于精通，摩托竞技会让你投入其中而察觉不到时间的流逝。加速、跳跃、战胜一切障碍，随着对游戏物理性的熟悉以及操作上的越发熟练，你会发现自己越发迷恋这充满挑战的极限竞技而难以自拔。在游戏中你将有机会证明自己是世界上最棒的车手！",
    "icon": "bike_racing_icon.png",
    "screenhot": "0.png;1.png;2.png;3.png;",
    "priority": 1,
    "score": 6.5,
    "size": 28.54,
    "language": "yy01;",
    "starNum": 1,
    "downloadNum": 0,
    "fromAndress": "ly00",
    "downloadURL": "http://www.muzhiwan.com/index.php?action=common&opt=downloadstat&vid=78617",
    "Network": "wl00",
    "Model": "ms00;",
    "OperationModel": "sb00;",
    "OpeartionExperience": "ty01",
    "informationNum": 0,
    "Version": "v1.4",
    "platform": "Android",
    "manufacturer": " ",
    "package": "com.wordmobiles.bikeRacing",
    "publisher": "",
    "time": "2014/7/17",
    "newAdd": 0,
    "hot": 0
  },
  {
    "name": "雷曼：丛林探险",
    "ID": 100006,
    "fileName": "rayman",
    "type": "fl1",
    "summary": "一部以雷曼为主角的横版跑酷游戏，包含40个常规关卡以及多个奖励关卡。",
    "icon": "icon_0006.png",
    "screenhot": "0.png;1.png;2.png;3.png;4.png;5.png;6.png;7.png;8.png;",
    "priority": 1,
    "score": 8.8,
    "size": 109.28,
    "language": "yy00;",
    "starNum": 5,
    "downloadNum": 360000,
    "fromAndress": "ly03",
    "downloadURL": "http://www.muzhiwan.com/index.php?action=common&opt=downloadstat&vid=99846",
    "Network": "wl00",
    "Model": "ms00;",
    "OperationModel": "sb00;",
    "OpeartionExperience": "ty00",
    "informationNum": 7,
    "Version": "v2.2.5",
    "platform": "Android",
    "manufacturer": " Ubisoft",
    "package": "com.pastagames.ro1mobile",
    "publisher": "",
    "time": "2014/5/15",
    "newAdd": 0,
    "hot": 0
  },
  {
    "name": "踹飞大胡子",
    "ID": 100007,
    "fileName": "Hipster_Smackdown",
    "type": "fl4",
    "summary": "《踹飞大胡子》是一款画面十分精美生动形象的休闲恶搞游戏，游戏中的大胡子为了追求一个不喜欢自己的女生而被痛打。",
    "icon": "Hipster_Smackdown_icon.png",
    "screenhot": "0.png;1.png;2.png;3.png;",
    "priority": 1,
    "score": 8.3,
    "size": 37.1,
    "language": "yy01;yy00;",
    "starNum": 3,
    "downloadNum": 0,
    "fromAndress": "ly03",
    "downloadURL": "http://www.muzhiwan.com/index.php?action=common&opt=downloadstat&vid=99461",
    "Network": "wl00",
    "Model": "ms00;",
    "OperationModel": "sb00;sb01;",
    "OpeartionExperience": "ty00",
    "informationNum": 4,
    "Version": "v1.3.817",
    "platform": "Android",
    "manufacturer": " Phase Two Games Pty. Ltd.",
    "package": "com.phasetwogames.hipstersmackdownhzhi",
    "publisher": "",
    "time": "2014/5/8",
    "newAdd": 0,
    "hot": 0
  },
  {
    "name": "黄金矿工萌西游",
    "ID": 100008,
    "fileName": "Gold_miner_Meng_Xiyou",
    "type": "fl4",
    "summary": "经典黄金矿工，创新玩法，夸张的西游剧情，挑战模式，怪物养成，多人物选择，强大的宝石技能，特色彩蛋关卡",
    "icon": "Gold_miner_Meng_Xiyou_icon.png",
    "screenhot": "0.png;1.png;2.png;3.png;",
    "priority": 1,
    "score": 7.3,
    "size": 16.44,
    "language": "yy00;",
    "starNum": 2,
    "downloadNum": 0,
    "fromAndress": "ly05",
    "downloadURL": "http://filelx.liqucn.com/upload/2014/xiuxian/huanjingkuanggong_1.0_liqucn.com.ptada",
    "Network": "wl00",
    "Model": "ms00;",
    "OperationModel": "sb00;sb01;",
    "OpeartionExperience": "ty01",
    "informationNum": 1,
    "Version": "2.0.1",
    "platform": "Android",
    "manufacturer": "武汉翼动数码科技有限公司",
    "package": "com.gamedo.GoldenMiner2.MM",
    "publisher": "",
    "time": "2013/12/13",
    "newAdd": 0,
    "hot": 0
  },
  {
    "name": "火柴人特技",
    "ID": 100013,
    "fileName": "Stickman",
    "type": "fl5",
    "summary": "《火柴人特技》是一款横版自行车过关游戏，画面简单流畅，玩家可以从两种控制模式中选择自己适合的来控制火柴人完成游戏，游戏中有许多障碍，比如轮胎，废旧汽车等 都需要玩家一一跃过，另外路途中也有很多星星需要收集。游戏有很多场景，但是必须达到一定水平才能解锁，所以，各位自行车达人们要努力完美的通过每一关。",
    "icon": "Stickman_icon.png",
    "screenhot": "0.png;1.png;2.png;3.png;",
    "priority": 1,
    "score": 7.9,
    "size": 21.82,
    "language": "yy01;",
    "starNum": 4,
    "downloadNum": 7589,
    "fromAndress": "ly03",
    "downloadURL": "http://www.muzhiwan.com/index.php?action=common&opt=downloadstat&vid=90859",
    "Network": "wl00",
    "Model": "ms00;",
    "OperationModel": "sb00;",
    "OpeartionExperience": "ty00",
    "informationNum": 0,
    "Version": "v1.3.1",
    "platform": "Android",
    "manufacturer": "Ace Viral",
    "package": "com.aceviralzyp.stickmanstunts",
    "publisher": "",
    "time": "2014/12/10",
    "newAdd": 0,
    "hot": 0
  },
  {
    "name": "3D焰沙疾摩",
    "ID": 100017,
    "fileName": "YS_disease_skin",
    "type": "fl5",
    "summary": "3D焰沙疾摩是一款手感绝佳的沙滩摩托车游戏，操作感极佳，画面是3D的，绝对让你爱不释手！玩法：在游戏中，作为一名摩托车手，您需要越过种种障碍，到达您所要到达的目的地。因此你需要提高你的驾驶技术，努力赢得所有的比赛，从而解锁更多的关卡，享受沙滩，享受比赛！焰沙疾摩，挑战自我的最佳场地！",
    "icon": "YS_disease_skin_icon.png",
    "screenhot": "0.png;1.png;2.png;3.png;",
    "priority": 1,
    "score": 6.9,
    "size": 15.78,
    "language": "yy01;",
    "starNum": 2,
    "downloadNum": 0,
    "fromAndress": "ly07",
    "downloadURL": "http://cdn2.down.apk.gfan.com/asdf/Pfiles/2014/12/6/1005341_0b238c2d-e796-4c05-b337-1d326ce98ad0.apk",
    "Network": "wl00",
    "Model": "ms00;",
    "OperationModel": "sb00;",
    "OpeartionExperience": "ty00",
    "informationNum": 0,
    "Version": "v2.1.3",
    "platform": "Android",
    "manufacturer": "dw工作开发组",
    "package": "com.lthesdmt.SandBike",
    "publisher": "",
    "time": "2014/12/15",
    "newAdd": 0,
    "hot": 0
  },
  {
    "name": "NBA2K13",
    "ID": 100020,
    "fileName": "NBA2K13",
    "type": "fl5",
    "summary": "进入新的时期，最受欢迎的NBA模拟游戏NBA2K13正式登录安卓。安卓版的NBA 2K13内置了两种游戏控制模式，让您拥有最好的NBA体验，在广受好评的NBA 2K引擎基础上NBA2K13可以让你重温一些在NBA历史上最令人难忘的比赛，包括在2006年科比81分的表现。并邀请了多张白金唱片的歌手JAY Z来他亲自策划NBA 2K13的游戏配乐更多的游戏控制方式：在手机可以使用经典控制方式和手指控制方式，这是专为移动设备进行优化的控制方式。改进的图形和动画。NBA最伟大的游戏：重温一些在NBA历史上的重要事件，例如在2006年科比81分的表现。JAY Z制作游戏配乐：游戏的配乐由亲自策划了多张白金唱片歌手JAY Z进行制作。团队模式：通过多个NBA赛季，建立你的团队。电视风格的介绍，包括完整的评价Kevin Harlan和克拉克凯洛格。更新的阵容从2011-2012赛季的所有球员已被加入到游戏中",
    "icon": "NBA2K13_icon.png",
    "screenhot": "1.png;2.png;3.png;4.png;",
    "priority": 1,
    "score": 1.9,
    "size": 49.6,
    "language": "yy01;",
    "starNum": 4,
    "downloadNum": 5540000,
    "fromAndress": "ly03",
    "downloadURL": "http://5.1015600.com/2014/game/000/039/df926e35ac0b3466958c4a3645c15bd8.apk",
    "Network": "wl00",
    "Model": "ms00;",
    "OperationModel": "sb00;",
    "OpeartionExperience": "ty00",
    "informationNum": 0,
    "Version": "1.1.2",
    "platform": "Android 1.0+",
    "manufacturer": "Visual Concepts",
    "package": "com.t2ksports.nba2k13android",
    "publisher": "2K Sports",
    "time": "2012/10/2",
    "newAdd": 0,
    "hot": 0
  },
  {
    "name": "NHL 2K",
    "ID": 100021,
    "fileName": "NHL_2K",
    "type": "fl5",
    "summary": "NHL 2K(NHL 2K)是2K Games, Inc.开发的一款体育竞技类游戏。",
    "icon": "NHL_2K_icon.png",
    "screenhot": "1.png;2.png;3.png;4.png;",
    "priority": 1,
    "score": 8.5,
    "size": 8,
    "language": "yy01;",
    "starNum": 3,
    "downloadNum": 17424,
    "fromAndress": "ly03",
    "downloadURL": "http://bcs.apk.r1.91.com/data/upload/2014/10_24/11/com.t2ksports.nhl2k15_115459.apk",
    "Network": "wl00",
    "Model": "ms00;",
    "OperationModel": "sb00;",
    "OpeartionExperience": "ty00",
    "informationNum": 0,
    "Version": "v1.0.2",
    "platform": "Android 4.0+",
    "manufacturer": "2K Games, Inc",
    "package": "com.t2ksports.nhl2k15",
    "publisher": "",
    "time": "2014/11/12",
    "newAdd": 0,
    "hot": 0
  },
  {
    "name": "火柴人冰球",
    "ID": 100022,
    "fileName": "StickmanIceHockey",
    "type": "fl5",
    "summary": "在火柴人冰球中，你将体验快节奏的纯粹冰球乐趣，还有紧张的气氛，顺畅的动画，简单的操作、疯狂的动作元素以及无尽的重玩价值。选择你最喜欢的冰球队伍，并在季度赛、杯赛中不断提升排名，或者直接在快速游戏中打败对手。你可以按照冰球比赛规则进行游戏，或者不管那些规则来找点乐子。你还可以决定究竟是完全控制你的所有队员，还是自动控制他们。你可以在46支球队中选择你最喜欢的冰球队伍并指引他们走向光荣大道！",
    "icon": "StickmanIceHockey_icon.png",
    "screenhot": "1.png;2.png;3.png;",
    "priority": 1,
    "score": 5.5,
    "size": 28.86,
    "language": "yy01;",
    "starNum": 4,
    "downloadNum": 430000,
    "fromAndress": "ly00",
    "downloadURL": "http://bcs.91.com/rbreszy/android/soft/2014/12/12/e030e4991056425f9a928ec2f635e9c8/com.wreadquran.block.marriagejokes_10001_1.2_635539775684058423.apk",
    "Network": "wl00",
    "Model": "ms00;",
    "OperationModel": "sb00;",
    "OpeartionExperience": "ty00",
    "informationNum": 0,
    "Version": "1.1",
    "platform": "Android 2.3+",
    "manufacturer": "Djinnworks e.U.",
    "package": "com.djinnworks.StickmanIceHockey",
    "publisher": "",
    "time": "2014/12/10",
    "newAdd": 0,
    "hot": 0
  },
  {
    "name": "钢铁骑士团",
    "ID": 100023,
    "fileName": "ironknights",
    "type": "fl1",
    "summary": "《钢铁骑士团 Iron Knights》是一款多人在线角色扮演动作游戏。游戏画面精美，战斗效果也还不错，感兴趣的玩家可以下载试试哦！经过几个世纪的和平，堕落的主教打开了地狱之门召唤出了黑暗国王和他的军队，整个世界重新变得混乱。赶紧加入这个混沌的世界，从黑暗国王手里拯救整个世界吧！",
    "icon": "icon_0023.png",
    "screenhot": "1.png;2.png;3.png;",
    "priority": 1,
    "score": 6.7,
    "size": 186.33,
    "language": "yy00;",
    "starNum": 4,
    "downloadNum": 0,
    "fromAndress": "ly08",
    "downloadURL": "http://ayx.cr173.com/gangtieqishi_v1.2.5.apk",
    "Network": "wl00",
    "Model": "ms00;",
    "OperationModel": "sb00;",
    "OpeartionExperience": "ty00",
    "informationNum": 0,
    "Version": "v1.2.5",
    "platform": "Android",
    "manufacturer": "",
    "package": "com.meiyu.ironknights",
    "publisher": "",
    "time": "2014/8/4",
    "newAdd": 0,
    "hot": 0
  },
  {
    "name": "三国志无双战",
    "ID": 100024,
    "fileName": "samkuk",
    "type": "fl1",
    "summary": "《三国志无双战 The Heroes of Three Kingdoms》是一款无双类的游戏，而且本作的制作商还是一家韩国公司。游戏采用的是全3D画面，不过画面的显示效果并不是很理想。角色的建模还算过得去，身上穿的盔甲以及所持的武器细节刻画还是比较突出，敌兵的装扮也比较丰富，不会出现清一色的“大众脸”（虽然事实上我们也看不清楚他们的脸）。战斗时武器打在敌人盔甲或者盾牌上会产生火花，释放技能时也有比较绚丽的光影效果。场景方面整体的古代中国风感觉把握还算到位，光看画面可能会误以为是中国的制作商开发的游戏。游戏的操作很简单，左摇杆进行移动，右边三个按键分别为攻击、防御和特殊技。移动时默认为自动视角，这个视角如果敌人在角色下方比较远的位置就无法自动追踪，比较蛋疼。另一种是用螺旋仪控制视角，感觉上则比较舒服。",
    "icon": "icon_0024.png",
    "screenhot": "1.png;2.png;3.png;",
    "priority": 1,
    "score": 8.2,
    "size": 158.32,
    "language": "yy00;",
    "starNum": 3,
    "downloadNum": 800000,
    "fromAndress": "ly00",
    "downloadURL": "http://down.androidgame-store.com/201503121432/D1C08B0F9CFA7AD0C6BDDCB88588C020/new/game1/54/99654/theheroesofthreekingdoms_1343715502266.apk?f=web_1",
    "Network": "wl00",
    "Model": "ms00;",
    "OperationModel": "sb00;",
    "OpeartionExperience": "ty00",
    "informationNum": 0,
    "Version": "1.4",
    "platform": "Android 2.2+",
    "manufacturer": "PlayBean Co., Ltd.",
    "package": "kr.co.playbean.samkuk",
    "publisher": "",
    "time": "2013/5/21",
    "newAdd": 0,
    "hot": 0
  },
  {
    "name": "乱斗西游",
    "ID": 100025,
    "fileName": "ldxy",
    "type": "fl1",
    "summary": "首款3D动作推塔手游《乱斗西游》，今日开启！《乱斗西游》创新式融合即时战略与动作RPG玩法，给你前所未有的重暴力打击快感。在这里，英雄战阵突破单角色限制，技巧操作颠覆纯数值比拼，百变关卡让你战无止境！2014年网易动作手游王牌之作，开启3D掌控战斗新时代。网易自研NeoX引擎打造，动作特效逐帧优化，50.5度完美视角，只为超凡动作体验。走位、卡点、放大招，用操作点燃你的战斗激情，告别枯燥的数值比拼，用实力说话。告别单一角色限制，海量西游英雄收集培养，战斗阵容随心组合，打造你的至强战阵。九九八十一极限关卡，万千妖魔各出奇招，多重埋伏神秘莫测，每一关都跌宕起伏。MOBA式竞技场全自由移动，局部突袭、高位强控、甚于胡搅蛮缠，打出战斗新体位。首创好友局域网实时对战，约战推塔战场，无延迟绝对同步，分秒之间暴力决胜。",
    "icon": "icon_0025.png",
    "screenhot": "1.png;2.png;3.png;",
    "priority": 1,
    "score": 6.8,
    "size": 169.3,
    "language": "yy00;",
    "starNum": 4,
    "downloadNum": 6190,
    "fromAndress": "ly00",
    "downloadURL": "http://gdown.baidu.com/data/wisegame/a1fd191d9a13f784/luandouxiyou_15.apk",
    "Network": "wl00",
    "Model": "ms00;",
    "OperationModel": "sb00;",
    "OpeartionExperience": "ty00",
    "informationNum": 0,
    "Version": "1.0.15",
    "platform": "Android 2.3+",
    "manufacturer": "杭州网易雷火科技有限公司",
    "package": "com.netease.ldxy.baidu",
    "publisher": "",
    "time": "2015/2/11",
    "newAdd": 0,
    "hot": 0
  },
  {
    "name": "300勇士",
    "ID": 100026,
    "fileName": "game300ROE",
    "type": "fl1",
    "summary": "300勇士：帝国崛起(300: Seize Your Glory)的官方介绍由电影300: Rise of an Empire改编而来。玩家在游戏中会扮演雅典海军之父“忒弥斯托克利 Themistocles”，在海上与敌人展开一场殊死搏斗，虽然游戏体积不大，但画面制作还是非常不错的，只是在人物打斗招式上有点略显单一了。",
    "icon": "game300ROE_icon.png",
    "screenhot": "1.png;2.png;3.png;",
    "priority": 1,
    "score": 7.6,
    "size": 45.69,
    "language": "yy01;",
    "starNum": 3,
    "downloadNum": 65523,
    "fromAndress": "ly03",
    "downloadURL": "http://117.27.147.15:8080/47/37/61/muzhiwan/0/2014/02/07/com.warnerbros.game300ROE_52f48ca017fd5.apk?crypt=38aa7f2e98550&b=1314&nlh=3072&nlt=45&bf=6000&p2p=1&video_type=apk&termid=0&tss=no&geo=CN-13-171-1&tm=1426179000&key=e06d54a1b5aefd5d8b07a0a26d32403c&platid=0&splatid=0&its=0&keyitem=platid,splatid,its&ntm=1426179000&nkey=e06d54a1b5aefd5d8b07a0a26d32403c&proxy=1964358287,2002886296&errc=0&gn=870&buss=62&qos=2&cips=110.80.5.162&lersrc=&tag=muzhiwan&cuhost=letv.cdn.muzhiwan.com&sign=coopdown&fext=.apk",
    "Network": "wl00",
    "Model": "ms00;",
    "OperationModel": "sb00;",
    "OpeartionExperience": "ty00",
    "informationNum": 0,
    "Version": "v1.0.0",
    "platform": "Android 4.0+",
    "manufacturer": "",
    "package": "com.warnerbros.game300ROE",
    "publisher": "",
    "time": "2014/2/7",
    "newAdd": 0,
    "hot": 0
  },
  {
    "name": "国王万岁：死亡蝙蝠",
    "ID": 100027,
    "fileName": "hailtotheking",
    "type": "fl2",
    "summary": "国王万岁：死亡蝙蝠(Hail to the King: Deathbat)是Avenged Sevenfold Touring, Inc.开发的一款角色扮演类游戏。国王万岁：死亡蝙蝠(Hail to the King: Deathbat)的官方介绍Deathbat 是第三视 角，地牢爬行者动 作角色扮演的对 象，与塞尔达传说 、传奇战书和暗黑破坏神一脉相承。游戏的故事基于 Deathbat，七级炼狱的标志和吉祥物的神秘起源。设计的游戏适合心无畏惧的玩家，因为整个游戏过程中玩家需要遍历各级水平，战斗技术熟练 ，保持生命，并战胜最无情的 boss 们 。史诗般的故事源自安德洛尼卡，在冥界复活的国王和 Deathbat 的化身，他的任务是从专制黑暗的安德洛尼卡手中夺回冥王的领地。一路上混合了与弹丸魔法攻击作战的残酷的肉搏战，游戏设计精美，并将游戏设定在地狱般的风景中，而游戏设计的灵感来自团队标志性的内容和艺术性。沿途与游戏中的角色互动解决谜题，并揭开莫罗斯岛的秘密。向国王致敬：Deathbat 拥有经典的七级炼狱追叙功能，赠予新的原始积分，由类似恶魔城永远有效的传统 8 位代码组成。",
    "icon": "hailtotheking_icon.png",
    "screenhot": "1.png;2.png;3.png;",
    "priority": 1,
    "score": 6.8,
    "size": 4.7,
    "language": "yy00;",
    "starNum": 5,
    "downloadNum": 30953,
    "fromAndress": "ly00",
    "downloadURL": "http://gdown.baidu.com/data/wisegame/5e820e243a917b21/guowangwansui.apk",
    "Network": "wl00",
    "Model": "ms00;",
    "OperationModel": "sb00;",
    "OpeartionExperience": "ty00",
    "informationNum": 0,
    "Version": "v1.13",
    "platform": "Android 4.1+",
    "manufacturer": "Avenged Sevenfold Touring, Inc",
    "package": "com.deathbatgame.hailtotheking",
    "publisher": "",
    "time": "2014/12/3",
    "newAdd": 0,
    "hot": 0
  },
  {
    "name": "铁甲钢拳",
    "ID": 100028,
    "fileName": "RealSteel",
    "type": "fl1",
    "summary": "这款游戏中，并非只是一个电影的简单拷贝，而是将电影中的最大特色——机器人拳击赛单独列出来，显然让游戏更加有趣！",
    "icon": "RealSteel_icon.png",
    "screenhot": "1.png;2.png;3.png;4.png;",
    "priority": 1,
    "score": 6.6,
    "size": 16.92,
    "language": "yy00;",
    "starNum": 3,
    "downloadNum": 144,
    "fromAndress": "ly01",
    "downloadURL": "http://ku.91rb.com/soft_kuplay/uploads/files/soft/2015/03/09/13/com.jumpgames.RealSteel_1.22.7.apk",
    "Network": "wl00",
    "Model": "ms00;",
    "OperationModel": "sb00;",
    "OpeartionExperience": "ty00",
    "informationNum": 0,
    "Version": "1.22.7",
    "platform": "Android 2.3+",
    "manufacturer": "Reliance Big Entertainment (UK) Private Limited",
    "package": "com.jumpgames.RealSteel",
    "publisher": "",
    "time": "2015/3/9",
    "newAdd": 0,
    "hot": 0
  },
  {
    "name": "愤怒的火柴人",
    "ID": 100029,
    "fileName": "angerofstick2",
    "type": "fl1",
    "summary": "闯关游戏，角色火柴人通过手脚攻击或使用武器杀死敌人进而获得胜利，本版本更新添加了有关游戏中心的支持。更新到第二部新增了敌人和武器。玩家要控制火柴人不断的跳跃躲避敌人的子弹，然后通过强大的火力压制敌人，游戏采用比较常见的虚拟摇杆控制，左边是方向按钮，右边是攻击以及跳跃按钮，游戏中可以购买各种武器，然后通过不断的杀敌来赚取金钱再进行升级!注意游戏内置iap，感兴趣的朋友玩玩吧。",
    "icon": "angerofstick2_icon.png",
    "screenhot": "1.png;2.png;3.png;4.png;5.png;",
    "priority": 1,
    "score": 8.7,
    "size": 12.78,
    "language": "yy01;",
    "starNum": 5,
    "downloadNum": 170000,
    "fromAndress": "ly01",
    "downloadURL": "http://ku.91rb.com/soft_kuplay/uploads/files/soft/2015/03/09/17/com.miniclip.angerofstick2_1.1.5.apk",
    "Network": "wl00",
    "Model": "ms00;",
    "OperationModel": "sb00;",
    "OpeartionExperience": "ty00",
    "informationNum": 0,
    "Version": "1.1.5",
    "platform": "Android 2.3+",
    "manufacturer": "Miniclip.com",
    "package": "com.miniclipgww.angerofstick2",
    "publisher": "",
    "time": "2015/3/9",
    "newAdd": 0,
    "hot": 0
  },
  {
    "name": "宙斯之子：赫拉克勒斯",
    "ID": 100030,
    "fileName": "hercules",
    "type": "fl1",
    "summary": "化身为希腊史上最伟大的英雄---赫拉克勒斯，畅玩好莱坞同名电影官方正版游戏!踏上传奇12伟绩之旅，平复天后赫拉怒火，赎清自身罪孽，证明你才是全希腊最伟大的英雄!真实还原血腥古战场，快来体验APP store上最刺激最逼真的血腥砍杀游戏!",
    "icon": "hercules_icon.png",
    "screenhot": "1.png;2.png;3.png;4.png;5.png;",
    "priority": 1,
    "score": 8.3,
    "size": 17.76,
    "language": "yy00;",
    "starNum": 4,
    "downloadNum": 60000,
    "fromAndress": "ly01",
    "downloadURL": "http://ku.91rb.com/soft_kuplay/uploads/files/soft/2014/07/08/16/com.glu.hercules_1.0.0.apk",
    "Network": "wl00",
    "Model": "ms00;",
    "OperationModel": "sb00;",
    "OpeartionExperience": "ty00",
    "informationNum": 0,
    "Version": "1.0.0",
    "platform": "Android 2.3+",
    "manufacturer": "Glu Mobile",
    "package": "com.glu.hercules",
    "publisher": "",
    "time": "2014/7/8",
    "newAdd": 0,
    "hot": 0
  },
  {
    "name": "Taekwondo",
    "ID": 100016,
    "fileName": "Taekwondo",
    "type": "fl1",
    "summary": "通过使用动作捕捉专业跆拳道选手的动作，这个游戏将尽可能的保证真实格斗风格。连声音效果都是录自真实跆拳道道场。这个跆拳道锦标赛设置于三个精美的场景里 - 韩国、墨西哥和伊朗 - 遵循奥林匹克竞技规则。",
    "icon": "Taekwondo.png",
    "screenhot": "1.png;2.png;3.png;4.png;",
    "priority": 1,
    "score": 8,
    "size": 43,
    "language": "yy01;",
    "starNum": 4,
    "downloadNum": 0,
    "fromAndress": "ly01",
    "downloadURL": "http://ku.91rb.com/soft_kuplay/uploads/files/soft/2015/02/10/14/se.hellothere.taekwondogameglobaltournament_1.5.55148636.apk",
    "Network": "wl00",
    "Model": "ms00;ms01;",
    "OperationModel": "sb00;",
    "OpeartionExperience": "ty00",
    "informationNum": 0,
    "Version": "1.5.55148636",
    "platform": "Android 2.3+",
    "manufacturer": "Hello There AB",
    "package": "se.hellothere.taekwondogameglobaltournament",
    "publisher": "",
    "time": "2015/02/10",
    "newAdd": 0,
    "hot": 0
  },
  {
    "name": "生化危机4",
    "ID": 100010,
    "fileName": "bio4_LGUplus",
    "type": "fl1",
    "summary": "在最新一代的《生化危机4》中，玩家将扮演《生化危机2》的男主角里恩，里恩在本代中已成为美国政府的顶尖探员，为了执行搜索美国总统女儿的任务，深入欧洲的某个村落，遭遇到整村的狂暴村民，而陷入苦战。《生化危机4》在系统方面，玩家角色的行动也更加的自由，并加入了新的行动按钮，除了原本以刀枪的攻击之外，还可以搭配包括跳跃、翻墙、掀梯、破窗、脚踢...等各种因应状况而生的行动，例如可以手枪射击敌人脚部，让敌人跪倒，再以脚踢的方式打败敌人，或者像是动作电影一般，施展翻墙破窗等矫健帅气的身手。",
    "icon": "icon_0010.png",
    "screenhot": "1.png;2.png;3.png;4.png;5.png;",
    "priority": 1,
    "score": 5,
    "size": 87.81,
    "language": "yy01;yy02;",
    "starNum": 4,
    "downloadNum": 0,
    "fromAndress": "ly12",
    "downloadURL": "http://www.muzhiwan.com/index.php?action=common&opt=downloadstat&vid=100671",
    "Network": "wl00",
    "Model": "ms00;",
    "OperationModel": "sb00;",
    "OpeartionExperience": "ty00",
    "informationNum": 6,
    "Version": "v1.00.01",
    "platform": "Android 2.1+",
    "manufacturer": "CAPCOM",
    "package": "jp.co.capcom.android.bio4_LGUplus0119",
    "publisher": "CAPCOM",
    "time": "2012/08/30",
    "newAdd": 0,
    "hot": 0
  },
  {
    "name": "Lep's World 3",
    "ID": 100031,
    "fileName": "lepworld",
    "type": "fl4",
    "summary": "《超级水管工3 Lep's World 3》是一款休闲益智游戏。相比前作，拥有更多关卡、更多道具、更多敌人、更出色的游戏物理引擎、惊艳的画面和悦耳的全新音效。那是精灵村庄阳光明媚的一天。就在 Lep 和他的朋友们享受阳光的时候，突然间天空乌云密布、电闪雷鸣。邪恶的巫师出现了，他盗走了精灵村庄的黄金，绑架了所有的村民，而只有 Lep 幸运地逃出生天。巫师想要利用精灵们的魔法配合自己的巫术统治全世界。Lep 不得不孤军奋战，解救他的朋友们和家人。请帮助他获得更多强大的技能，打败巫师。 ",
    "icon": "icon_0031.png",
    "screenhot": "1.png;2.png;3.png;4.png;5.png;",
    "priority": 1,
    "score": 7.6,
    "size": 47.53,
    "language": "yy00;",
    "starNum": 4,
    "downloadNum": 360000,
    "fromAndress": "ly10",
    "downloadURL": "http://down.androidgame-store.com/201503121430/FA215CE1AE60F5357679E0CA3564ADE1/new/game1/6/80606/cjsgg3_1404886257743.apk?f=web_1",
    "Network": "wl00",
    "Model": "ms00;",
    "OperationModel": "sb00;",
    "OpeartionExperience": "ty00",
    "informationNum": 0,
    "Version": "v1.5",
    "platform": "Android 2.1+",
    "manufacturer": "nerByte GmbH",
    "package": "at.ner.lepsWorld3Plus",
    "publisher": "",
    "time": "2014/7/9",
    "newAdd": 0,
    "hot": 0
  },
  {
    "name": "3D终极狂飙2(高清版)",
    "ID": 100004,
    "fileName": "car3d2",
    "type": "fl5",
    "summary": "这是一款超千万玩家五星推荐的最流畅逼真3D赛车游戏",
    "icon": "icon_0004.png",
    "screenhot": "1.png;2.png;3.png;4.png;",
    "priority": 1,
    "score": 6,
    "size": 8.31,
    "language": "yy00;",
    "starNum": 3,
    "downloadNum": 14700000,
    "fromAndress": "ly00",
    "downloadURL": "http://117.27.147.11:8080/40/1/9/muzhiwan/2013/06/27/com.sxiaoao.car3d2_51cc0b54fle67.apk?crypt=84aa7f2e98550&b=1314&nlh=3072&nlt=45&bf=6000&p2p=1&video_type=apk&termid=0&tss=no&geo=CN-13-171-1&tm=1426186800&key=7147ac5badfd64f81c4c2a48179989c8&platid=0&splatid=0&its=0&keyitem=platid,splatid,its&ntm=1426186800&nkey=7147ac5badfd64f81c4c2a48179989c8&proxy=1964741390,2002886175&errc=0&gn=870&buss=62&qos=2&cips=110.80.5.162&lersrc=&tag=muzhiwan&cuhost=letv.cdn.muzhiwan.com&sign=coopdown&fext=.apk",
    "Network": "wl00",
    "Model": "ms00;",
    "OperationModel": "sb00;",
    "OpeartionExperience": "ty00",
    "informationNum": 0,
    "Version": "v2.9.901",
    "platform": "Android1.6+",
    "manufacturer": "北京中科奥科技有限公司",
    "package": "com.sxiaoao.car3d2",
    "publisher": "",
    "time": "2013/06/27",
    "newAdd": 0,
    "hot": 0
  },
  {
    "name": "3D终极坦克2",
    "ID": 100018,
    "fileName": "tank3d",
    "type": "fl4",
    "summary": "《3D终极坦克2》是由小奥游戏最新推出的一款精品3D射击手游,游戏画面精美,在还原真实坦克大战的基础上,巧妙加入现代射击游戏元素,玩家可通过自由选择坦克、自主升级武器火力等属性系统并操控坦克取得战斗的胜利。终极导弹、防御地雷及关卡无敌等道具体系可以协助玩家在有效防御敌人进攻的同时秒杀全场,使坦克达到威力无敌的最佳状态！....",
    "icon": "tank3d_icon.png",
    "screenhot": "1.png;2.png;3.png;4.png;",
    "priority": 1,
    "score": 5,
    "size": 13.06,
    "language": "yy00;",
    "starNum": 4,
    "downloadNum": 350000,
    "fromAndress": "ly00",
    "downloadURL": "http://gdown.baidu.com/data/wisegame/2f9d79368c9e5d80/3Dzhongjitanke2_9.apk",
    "Network": "wl00",
    "Model": "ms00;",
    "OperationModel": "sb00;",
    "OpeartionExperience": "ty00",
    "informationNum": 0,
    "Version": "v1.0.8",
    "platform": "Android 2.2+",
    "manufacturer": "北京中科奧科技有限公司",
    "package": "com.jiahe.tank3d",
    "publisher": "",
    "time": "2015/01/27",
    "newAdd": 0,
    "hot": 0
  },
  {
    "name": "坦克大战最新版",
    "ID": 100032,
    "fileName": "tank",
    "type": "fl4",
    "summary": "史上最好玩的坦克大战强势登陆安卓平台，在AppStore下载过百万，人气超高。号称最具手感，最佳视觉效果，最完美的体验。",
    "icon": "tank_icon.png",
    "screenhot": "1.png;2.png;3.png;4.png;",
    "priority": 1,
    "score": 6,
    "size": 5.67,
    "language": "yy00;",
    "starNum": 5,
    "downloadNum": 1520000,
    "fromAndress": "ly00",
    "downloadURL": "http://gdown.baidu.com/data/wisegame/657b542c583ac322/tankedazhanzuixinban_12.apk",
    "Network": "wl00",
    "Model": "ms00;",
    "OperationModel": "sb00;",
    "OpeartionExperience": "ty00",
    "informationNum": 0,
    "Version": "v1.2",
    "platform": "Android 2.1+",
    "manufacturer": "",
    "package": "com.Tank.tank",
    "publisher": "",
    "time": "2015/01/01",
    "newAdd": 0,
    "hot": 0
  },
  {
    "name": "3D地牢大战",
    "ID": 100015,
    "fileName": "smash",
    "type": "fl2",
    "summary": "3D地牢大战：一款史上最火爆的最耐玩的角色扮演类游戏登陆安卓啦!!!",
    "icon": "smash_icon.png",
    "screenhot": "1.png;2.png;3.png;4.png;5.png;",
    "priority": 1,
    "score": 8,
    "size": 19.8,
    "language": "yy01;",
    "starNum": 4,
    "downloadNum": 2138,
    "fromAndress": "ly00",
    "downloadURL": "http://www.lenovomm.com/appstore/shortlink/12688500-18004",
    "Network": "wl00",
    "Model": "ms00;",
    "OperationModel": "sb00;",
    "OpeartionExperience": "ty00",
    "informationNum": 0,
    "Version": "v1.6",
    "platform": "Android 2.1+",
    "manufacturer": "",
    "package": "com.shhinyboox.smash",
    "publisher": "",
    "time": "",
    "newAdd": 0,
    "hot": 0
  },
  {
    "name": "奇幻射击",
    "ID": 100014,
    "fileName": "fantashooting",
    "type": "fl2",
    "summary": "一款画面可爱的3D奇幻射击游戏，拥有宏大的怪物地图，让玩家永无止尽的挑战！。奇幻英雄学院的学徒们要毕业了，毕业前最后的考验就是在试炼之森进行生存战斗。试炼之森围绕着学院，里面有许多令人害怕的怪兽，炸弹魔、哥布林、母虫、食人花，再说下去我就害怕了，森林里的气氛也变换莫测，跟着学徒们在试炼之森生存下去吧！",
    "icon": "fantashooting_icon.png",
    "screenhot": "1.png;2.png;3.png;4.png;",
    "priority": 1,
    "score": 5,
    "size": 42.9,
    "language": "yy00;",
    "starNum": 3,
    "downloadNum": 255120,
    "fromAndress": "ly03",
    "downloadURL": "http://www.muzhiwan.com/index.php?action=common&opt=downloadstat&vid=103863",
    "Network": "wl00",
    "Model": "ms00;",
    "OperationModel": "sb00;",
    "OpeartionExperience": "ty00",
    "informationNum": 0,
    "Version": "v2.21",
    "platform": "Android 2.1+",
    "manufacturer": "Sky Carpenter Digital Entertainment co., ltd",
    "package": "com.skycarpenter.fantashooting",
    "publisher": "",
    "time": "2015/1/13",
    "newAdd": 0,
    "hot": 0
  },
  {
    "name": "暗影之枪",
    "ID": 100033,
    "fileName": "shadowgun",
    "type": "fl2",
    "summary": "本款游戏是不可多得的优秀应用。",
    "icon": "icon_0033.png",
    "screenhot": "1.png;2.png;3.png;4.png;5.png;",
    "priority": 1,
    "score": 8,
    "size": 208.22,
    "language": "yy01;",
    "starNum": 5,
    "downloadNum": 920000,
    "fromAndress": "ly00",
    "downloadURL": "http://gdown.baidu.com/data/wisegame/a617b8df6c57cc5a/anyingzhiqiangzhongwenban_80001303.apk",
    "Network": "wl00",
    "Model": "ms00;",
    "OperationModel": "sb00;",
    "OpeartionExperience": "ty00",
    "informationNum": 0,
    "Version": "1.7.0",
    "platform": "Android 2.1+",
    "manufacturer": "优美缔软件（上海）有限公司",
    "package": "com.madfingergames.shadowgun",
    "publisher": "",
    "time": "2014/6/30",
    "newAdd": 0,
    "hot": 0
  },
  {
    "name": "金头盔",
    "ID": 100034,
    "fileName": "KingOfPlane",
    "type": "fl2",
    "summary": "由TCGame数十人团队花费8个月时间精心打造，本团队的宗旨就是：只做精品，拒绝平庸。",
    "icon": "KingOfPlane_icon.png",
    "screenhot": "1.png;2.png;3.png;",
    "priority": 1,
    "score": 7,
    "size": 45.32,
    "language": "yy00;",
    "starNum": 4,
    "downloadNum": 220000,
    "fromAndress": "ly00",
    "downloadURL": "http://u.androidgame-store.com/new/game1/10/93110/jtk_1419215351275.apk?f=baidu_1",
    "Network": "wl00",
    "Model": "ms00;",
    "OperationModel": "sb00;",
    "OpeartionExperience": "ty00",
    "informationNum": 0,
    "Version": "v1.0",
    "platform": "Android 2.2+",
    "manufacturer": "新华网股份有限公司",
    "package": "com.vav5.KingOfPlane",
    "publisher": "",
    "time": "2014/12/22",
    "newAdd": 0,
    "hot": 0
  },
  {
    "name": "酷酷爱魔兽",
    "ID": 100035,
    "fileName": "kkams",
    "type": "fl0",
    "summary": "本游戏特点：",
    "icon": "icon_0035.png",
    "screenhot": "1.png;2.png;3.png;4.png;5.png;",
    "priority": 1,
    "score": 9,
    "size": 77.18,
    "language": "yy00;",
    "starNum": 5,
    "downloadNum": 5720000,
    "fromAndress": "ly00",
    "downloadURL": "http://gdown.baidu.com/data/wisegame/5ac44cc755f87d00/kukuaimoshou_13.apk",
    "Network": "wl03",
    "Model": "ms00;",
    "OperationModel": "sb00;",
    "OpeartionExperience": "ty00",
    "informationNum": 0,
    "Version": "v1.3.0",
    "platform": "Android 2.2+",
    "manufacturer": "游久时代",
    "package": "com.u9time.kkams.baiduDK",
    "publisher": "游久时代",
    "time": "2015/2/11",
    "newAdd": 0,
    "hot": 0
  },
  {
    "name": "skyjumper",
    "ID": 100036,
    "fileName": "skyjumper",
    "type": "fl4",
    "summary": "1.保证适配所有机型与任何分辨率，不论您的分辨率是大到1920x1080还是小到480x320。",
    "icon": "skyjumper_icon.png",
    "screenhot": "1.png;2.png;3.png;4.png;",
    "priority": 1,
    "score": 8,
    "size": 17.46,
    "language": "yy01;",
    "starNum": 5,
    "downloadNum": 2600,
    "fromAndress": "ly00",
    "downloadURL": "http://ws.yingyonghui.com/fe17967e433ad807c0c15f40b0f6ec1c/5501206e/com.nordicpixel.skyjumper.1418378972343.apk",
    "Network": "wl00",
    "Model": "ms00;",
    "OperationModel": "sb00;",
    "OpeartionExperience": "ty00",
    "informationNum": 0,
    "Version": "v1.0.6",
    "platform": "Android 2.2+",
    "manufacturer": "",
    "package": "com.nordicpixel.skyjumper",
    "publisher": "",
    "time": "2013/06/02",
    "newAdd": 0,
    "hot": 0
  },
  {
    "name": "零号世界2",
    "ID": 100037,
    "fileName": "naught2",
    "type": "fl4",
    "summary": "高清的图片。由顶尖的美工专家倾力绘制，不会像其他安卓游戏模糊不清。",
    "icon": "naught2_icon.png",
    "screenhot": "1.png;2.png;3.png;4.png;",
    "priority": 1,
    "score": 7,
    "size": 44.85,
    "language": "yy01;",
    "starNum": 5,
    "downloadNum": 10000,
    "fromAndress": "ly00",
    "downloadURL": "http://down.androidgame-store.com/201503121330/8A1D0EA3C3429DDD94B273E3AC14flA1/new/game1/39/80839/lhsj2_1389654458423.apk?f=web_1",
    "Network": "wl00",
    "Model": "ms00;",
    "OperationModel": "sb00;",
    "OpeartionExperience": "ty00",
    "informationNum": 0,
    "Version": "v1.0.2",
    "platform": "Android 4.0+",
    "manufacturer": "Blue Shadow Games S.L.",
    "package": "com.king.naught2",
    "publisher": "",
    "time": "2014/1/14",
    "newAdd": 0,
    "hot": 0
  },
  {
    "name": "火柴人骑车",
    "ID": 100012,
    "fileName": "stickman_bike",
    "type": "fl5",
    "summary": "你控制一个火柴人骑自行车，有四个控制按钮：前进、后退、向上、向下。通过合理操作这四个按钮，让火柴人顺利到达终点。自行车是很易破损的，不要骑得太快。",
    "icon": "stickman_bike.png",
    "screenhot": "1.png;2.png;3.png;4.png;5.png;",
    "priority": 1,
    "score": 6,
    "size": 9.8,
    "language": "yy00;",
    "starNum": 4,
    "downloadNum": 0,
    "fromAndress": "ly11",
    "downloadURL": "http://down.mumayi.com/fastapk/312084/m1081",
    "Network": "wl00",
    "Model": "ms00;",
    "OperationModel": "sb00;",
    "OpeartionExperience": "ty00",
    "informationNum": 0,
    "Version": "v5.1",
    "platform": "Android 1.5+",
    "manufacturer": "橡胶人路飞",
    "package": "cn.dz.stickman",
    "publisher": "",
    "time": "2013/08/19",
    "newAdd": 0,
    "hot": 0
  },
  {
    "name": "武士II_复仇",
    "ID": 100039,
    "fileName": "Samurai_II_Vengeance",
    "type": "fl0",
    "summary": "《武士II：复仇 Samurai II Vengeance》是一款以日本武士为题材的血腥斩杀RGP游戏，保持了前作华丽的漫画风格的画面效果，流畅的人物动作和刺激的斩杀瞬间，吸引了很多玩家的注意。而游戏中将敌人一刀两断、斩首断手的刺激场面，充满了浓郁和式风情的各种场景，也是游戏的一大特点。",
    "icon": "icon_0039.png",
    "screenhot": "1.png;2.png;3.png;4.png;",
    "priority": 1,
    "score": 6,
    "size": 51.8,
    "language": "yy00;",
    "starNum": 4,
    "downloadNum": 24,
    "fromAndress": "ly10",
    "downloadURL": "http://down.androidgame-store.com/201503201517/0E6857D0Bfl4D8A245DB40D416DFC2BD/new/game1/46/101446/samuraiiivengeance_1.apk?f=web_1",
    "Network": "wl00",
    "Model": "ms00;",
    "OperationModel": "sb00;",
    "OpeartionExperience": "ty00",
    "informationNum": 0,
    "Version": "1.0.2.5",
    "platform": "Android 2.0+",
    "manufacturer": "Madfinger Games",
    "package": "com.madfingergames.SamuraiII",
    "publisher": "",
    "time": "2012/3/12",
    "newAdd": 0,
    "hot": 0
  }
]